[
{
  "model": "auth.user",
  "fields": {
    "password": "pbkdf2_sha256$260000$X1BYxn6xMh1Lfk1xUQDklf$watJoT8YnfEP1Ebpyq1kXManIk+nlJOX0x7+dwwEr28=",
    "last_login": "2021-05-31T02:00:38.771Z",
    "is_superuser": true,
    "username": "jon",
    "first_name": "",
    "last_name": "",
    "email": "jon@email.com",
    "is_staff": true,
    "is_active": true,
    "date_joined": "2021-05-27T18:35:05.782Z",
    "groups": [],
    "user_permissions": []
  }
},
{
  "model": "auth.user",
  "fields": {
    "password": "pbkdf2_sha256$260000$q4JpqTHMqkAeQtRPFIVqzU$zgzL5bufMrtIfy0ixhcB4YDAHIETZUuxJJdNaIRO+pU=",
    "last_login": null,
    "is_superuser": false,
    "username": "Stephanie Sutton",
    "first_name": "",
    "last_name": "",
    "email": "gomezleslie@hotmail.com",
    "is_staff": false,
    "is_active": true,
    "date_joined": "2021-05-27T20:07:44.611Z",
    "groups": [],
    "user_permissions": []
  }
},
{
  "model": "auth.user",
  "fields": {
    "password": "pbkdf2_sha256$260000$QaCN906Hse05z4uArcP39s$Je9u76OO+h8vVX+ou4N4NJVI6SnUctVU38Q4begRcQk=",
    "last_login": null,
    "is_superuser": false,
    "username": "Tracy Woods",
    "first_name": "",
    "last_name": "",
    "email": "trujilloana@gmail.com",
    "is_staff": false,
    "is_active": true,
    "date_joined": "2021-05-27T20:07:45.091Z",
    "groups": [],
    "user_permissions": []
  }
},
{
  "model": "auth.user",
  "fields": {
    "password": "pbkdf2_sha256$260000$LfyuimlEExlHVBLeuNgAyR$FUM30v9J3BO5XiXB+hxaWEFKmNfcsEY+HjmjFydFDpo=",
    "last_login": null,
    "is_superuser": false,
    "username": "Ryan Page",
    "first_name": "",
    "last_name": "",
    "email": "vclayton@cross.com",
    "is_staff": false,
    "is_active": true,
    "date_joined": "2021-05-27T20:07:45.394Z",
    "groups": [],
    "user_permissions": []
  }
},
{
  "model": "auth.user",
  "fields": {
    "password": "pbkdf2_sha256$260000$4nJVWLBwbjhodQfw46ENnO$cbpFkx4IE4eEP3kurI0ewcSzhIlVDcoYqeC2o43JIZE=",
    "last_login": null,
    "is_superuser": false,
    "username": "Keith Allen",
    "first_name": "",
    "last_name": "",
    "email": "udavis@bolton.com",
    "is_staff": false,
    "is_active": true,
    "date_joined": "2021-05-27T20:07:45.679Z",
    "groups": [],
    "user_permissions": []
  }
},
{
  "model": "auth.user",
  "fields": {
    "password": "pbkdf2_sha256$260000$fjSsMo3cdcs1Qm83ZtIAoo$YfWsvzuhAGe3CwIFAVRFw/mBeKUMOY35IJOrkC+NRgg=",
    "last_login": null,
    "is_superuser": false,
    "username": "Kimberly Olsen",
    "first_name": "",
    "last_name": "",
    "email": "sean96@johnston-roberts.com",
    "is_staff": false,
    "is_active": true,
    "date_joined": "2021-05-27T20:07:45.958Z",
    "groups": [],
    "user_permissions": []
  }
},
{
  "model": "auth.user",
  "fields": {
    "password": "pbkdf2_sha256$260000$ssDJNghOLYgXJj0nmeC0hm$3WmAgTzhjsZVYWC0mNLvxZENK4e5Iq+Qkmntasg32mk=",
    "last_login": null,
    "is_superuser": false,
    "username": "Amanda Zavala",
    "first_name": "",
    "last_name": "",
    "email": "rjones@gmail.com",
    "is_staff": false,
    "is_active": true,
    "date_joined": "2021-05-27T20:07:46.229Z",
    "groups": [],
    "user_permissions": []
  }
},
{
  "model": "auth.user",
  "fields": {
    "password": "pbkdf2_sha256$260000$EPPKaVobSD5bByYvEZe4zx$ErKWMbtQaG6D3XeKPg+nEfZNY2vGH2mHiOXI6HHoXPQ=",
    "last_login": null,
    "is_superuser": false,
    "username": "Tammy Kirby",
    "first_name": "",
    "last_name": "",
    "email": "aimee33@hotmail.com",
    "is_staff": false,
    "is_active": true,
    "date_joined": "2021-05-27T20:07:46.516Z",
    "groups": [],
    "user_permissions": []
  }
},
{
  "model": "auth.user",
  "fields": {
    "password": "pbkdf2_sha256$260000$qiIbrIE0FILTl6oBZMn4Li$gPvZyfWjc0hxfwa5xs2KN4YwyLRVzSoRDikQH6G2JHc=",
    "last_login": null,
    "is_superuser": false,
    "username": "Tiffany Riley",
    "first_name": "",
    "last_name": "",
    "email": "skeller@yahoo.com",
    "is_staff": false,
    "is_active": true,
    "date_joined": "2021-05-27T20:07:46.787Z",
    "groups": [],
    "user_permissions": []
  }
},
{
  "model": "auth.user",
  "fields": {
    "password": "pbkdf2_sha256$260000$vt2049fERsRccjcnlIvwNJ$65dFzY1gOeO5BM0Vt6vS3fUUUVVQwRg53MHkmo66T94=",
    "last_login": null,
    "is_superuser": false,
    "username": "Louis Tucker",
    "first_name": "",
    "last_name": "",
    "email": "johndennis@gmail.com",
    "is_staff": false,
    "is_active": true,
    "date_joined": "2021-05-27T20:07:47.068Z",
    "groups": [],
    "user_permissions": []
  }
},
{
  "model": "auth.user",
  "fields": {
    "password": "pbkdf2_sha256$260000$yNgvJ5ZLr7DGJRYqW5XPdr$pgZaNj8gsc1H4zHOnaxyKlLrRrKqF7b7GHGHxI/P+3k=",
    "last_login": null,
    "is_superuser": false,
    "username": "Jacqueline Jackson",
    "first_name": "",
    "last_name": "",
    "email": "garciadustin@hotmail.com",
    "is_staff": false,
    "is_active": true,
    "date_joined": "2021-05-27T20:07:47.338Z",
    "groups": [],
    "user_permissions": []
  }
},
{
  "model": "auth.user",
  "fields": {
    "password": "pbkdf2_sha256$260000$1PyWemS8dUplvxAziSgEwo$z+rVyFqNAmECTKMuYpBs67rQdgoojpJTXq5tIk7IzvA=",
    "last_login": null,
    "is_superuser": false,
    "username": "test2",
    "first_name": "",
    "last_name": "",
    "email": "test@email.com",
    "is_staff": false,
    "is_active": true,
    "date_joined": "2021-06-08T20:37:17.931Z",
    "groups": [],
    "user_permissions": []
  }
},
{
  "model": "sessions.session",
  "pk": "t9bzkaj0hhef5jcwdknr5bg6rnyqar5b",
  "fields": {
    "session_data": ".eJxVjDkOwjAUBe_iGlmOlxgo6TmD5b_hALKlOKkQd4dIKaB9M_NeKuV1KWntPKeJ1FkN6vC7QcYH1w3QPddb09jqMk-gN0XvtOtrI35edvfvoORevrUgkYPAAQCIJfJoTlFi9MEAWMOAdDRBLI80WO8Ec4hGgmMgAfKo3h8nxDmq:1lnXEM:QMeAQXTu_yCnjBqp0d44TgcG9ue3tPs0MKNLr1sGFpw",
    "expire_date": "2021-06-14T02:00:38.776Z"
  }
},
{
  "model": "api.lab",
  "pk": 6,
  "fields": {
    "name": "drive intuitive methodologies",
    "description": "Line beyond its particularly tree.",
    "members": []
  }
},
{
  "model": "api.lab",
  "pk": 7,
  "fields": {
    "name": "engage compelling systems",
    "description": "Employee source nature add rest human.",
    "members": [
      [
        "jon"
      ]
    ]
  }
},
{
  "model": "api.lab",
  "pk": 8,
  "fields": {
    "name": "transition clicks-and-mortar e-business",
    "description": "Testing edit description!",
    "members": [
      [
        "jon"
      ],
      [
        "Tracy Woods"
      ],
      [
        "Ryan Page"
      ],
      [
        "test2"
      ]
    ]
  }
},
{
  "model": "api.lab",
  "pk": 13,
  "fields": {
    "name": "testing new lab",
    "description": "testnewlab",
    "members": [
      [
        "test2"
      ]
    ]
  }
},
{
  "model": "api.labinvite",
  "pk": 1,
  "fields": {
    "invitee": [
      "Amanda Zavala"
    ],
    "lab_inviter": 8,
    "created_at": "2021-05-30",
    "status": "Pending"
  }
},
{
  "model": "api.labinvite",
  "pk": 2,
  "fields": {
    "invitee": [
      "Amanda Zavala"
    ],
    "lab_inviter": 8,
    "created_at": "2021-05-30",
    "status": "Pending"
  }
},
{
  "model": "api.labinvite",
  "pk": 3,
  "fields": {
    "invitee": [
      "Louis Tucker"
    ],
    "lab_inviter": 8,
    "created_at": "2021-05-31",
    "status": "Pending"
  }
},
{
  "model": "api.labinvite",
  "pk": 4,
  "fields": {
    "invitee": [
      "Louis Tucker"
    ],
    "lab_inviter": 8,
    "created_at": "2021-05-31",
    "status": "Pending"
  }
},
{
  "model": "api.labinvite",
  "pk": 5,
  "fields": {
    "invitee": [
      "test2"
    ],
    "lab_inviter": 8,
    "created_at": "2021-06-09",
    "status": "Accepted"
  }
},
{
  "model": "api.inventory",
  "pk": 2,
  "fields": {
    "lab": 8,
    "name": "engage distributed initiatives",
    "description": "Four two data son natural explain."
  }
},
{
  "model": "api.inventory",
  "pk": 3,
  "fields": {
    "lab": 6,
    "name": "evolve integrated vortals",
    "description": "Drug contain start almost wonder employee."
  }
},
{
  "model": "api.inventory",
  "pk": 10,
  "fields": {
    "lab": 7,
    "name": "unleash B2B content",
    "description": "Role together range."
  }
},
{
  "model": "api.inventory",
  "pk": 11,
  "fields": {
    "lab": 6,
    "name": "syndicate mission-critical convergence",
    "description": "First policy daughter need kind."
  }
},
{
  "model": "api.inventory",
  "pk": 12,
  "fields": {
    "lab": 8,
    "name": "mesh back-end markets",
    "description": "Trouble behavior style report size personal."
  }
},
{
  "model": "api.inventory",
  "pk": 13,
  "fields": {
    "lab": 7,
    "name": "re-intermediate rich supply-chains",
    "description": "Room region as true."
  }
},
{
  "model": "api.inventory",
  "pk": 14,
  "fields": {
    "lab": 8,
    "name": "enhance web-enabled eyeballs",
    "description": "Language ball floor meet usually board."
  }
},
{
  "model": "api.inventory",
  "pk": 22,
  "fields": {
    "lab": 8,
    "name": "testing new inventory",
    "description": "test description"
  }
},
{
  "model": "api.historicalitem",
  "pk": 1,
  "fields": {
    "id": 3,
    "name": "Testing api again",
    "manufacturer": "random manufacturer",
    "notes": "hello",
    "quantity": null,
    "minQuantity": 4,
    "inventory": 2,
    "history_date": "2021-06-04T20:44:29.406Z",
    "history_change_reason": "",
    "history_type": "+",
    "history_user": null
  }
},
{
  "model": "api.historicalitem",
  "pk": 2,
  "fields": {
    "id": 4,
    "name": "success",
    "manufacturer": "Stewart-Allen",
    "notes": "Country cost party prevent live bed serious theory.",
    "quantity": null,
    "minQuantity": 0,
    "inventory": 3,
    "history_date": "2021-06-04T20:44:29.406Z",
    "history_change_reason": "",
    "history_type": "+",
    "history_user": null
  }
},
{
  "model": "api.historicalitem",
  "pk": 3,
  "fields": {
    "id": 7,
    "name": "play",
    "manufacturer": "Jones, Martinez and Lopez",
    "notes": "Build before street break painting create wife responsibility look road article quickly name.",
    "quantity": null,
    "minQuantity": 9,
    "inventory": 2,
    "history_date": "2021-06-04T20:44:29.406Z",
    "history_change_reason": "",
    "history_type": "+",
    "history_user": null
  }
},
{
  "model": "api.historicalitem",
  "pk": 4,
  "fields": {
    "id": 14,
    "name": "test",
    "manufacturer": "Rice, Davis and Wilson",
    "notes": "Them evidence without beyond take however ball ever.",
    "quantity": null,
    "minQuantity": 7,
    "inventory": 3,
    "history_date": "2021-06-04T20:44:29.406Z",
    "history_change_reason": "",
    "history_type": "+",
    "history_user": null
  }
},
{
  "model": "api.historicalitem",
  "pk": 5,
  "fields": {
    "id": 17,
    "name": "expect",
    "manufacturer": "Hernandez PLC",
    "notes": "Guess writer can boy room value film tax rock.",
    "quantity": null,
    "minQuantity": 4,
    "inventory": 3,
    "history_date": "2021-06-04T20:44:29.406Z",
    "history_change_reason": "",
    "history_type": "+",
    "history_user": null
  }
},
{
  "model": "api.historicalitem",
  "pk": 6,
  "fields": {
    "id": 19,
    "name": "ok",
    "manufacturer": "Mann-Kelley",
    "notes": "Data son natural explain before something first drug contain start almost wonder.",
    "quantity": null,
    "minQuantity": 4,
    "inventory": 3,
    "history_date": "2021-06-04T20:44:29.406Z",
    "history_change_reason": "",
    "history_type": "+",
    "history_user": null
  }
},
{
  "model": "api.historicalitem",
  "pk": 7,
  "fields": {
    "id": 20,
    "name": "maybe",
    "manufacturer": "Davis and Sons",
    "notes": "Type successful together type music hospital relate.",
    "quantity": null,
    "minQuantity": 4,
    "inventory": 3,
    "history_date": "2021-06-04T20:44:29.406Z",
    "history_change_reason": "",
    "history_type": "+",
    "history_user": null
  }
},
{
  "model": "api.historicalitem",
  "pk": 8,
  "fields": {
    "id": 21,
    "name": "nearly",
    "manufacturer": "Atkinson Ltd",
    "notes": "Stay information every manage political record word group food break onto friend couple.",
    "quantity": null,
    "minQuantity": 0,
    "inventory": 11,
    "history_date": "2021-06-04T20:44:29.406Z",
    "history_change_reason": "",
    "history_type": "+",
    "history_user": null
  }
},
{
  "model": "api.historicalitem",
  "pk": 9,
  "fields": {
    "id": 22,
    "name": "sign",
    "manufacturer": "Wilson-Robinson",
    "notes": "Forward staff beyond chair recently and off travel.",
    "quantity": null,
    "minQuantity": 8,
    "inventory": 13,
    "history_date": "2021-06-04T20:44:29.406Z",
    "history_change_reason": "",
    "history_type": "+",
    "history_user": null
  }
},
{
  "model": "api.historicalitem",
  "pk": 10,
  "fields": {
    "id": 23,
    "name": "play",
    "manufacturer": "Jones, Martinez and Lopez",
    "notes": "Build before street break painting create wife responsibility look road article quickly name.",
    "quantity": null,
    "minQuantity": 9,
    "inventory": 12,
    "history_date": "2021-06-04T20:44:29.407Z",
    "history_change_reason": "",
    "history_type": "+",
    "history_user": null
  }
},
{
  "model": "api.historicalitem",
  "pk": 11,
  "fields": {
    "id": 24,
    "name": "blood",
    "manufacturer": "Jones-Jones",
    "notes": "Go Congress mean always beyond write current grow rule.",
    "quantity": null,
    "minQuantity": 9,
    "inventory": 13,
    "history_date": "2021-06-04T20:44:29.407Z",
    "history_change_reason": "",
    "history_type": "+",
    "history_user": null
  }
},
{
  "model": "api.historicalitem",
  "pk": 12,
  "fields": {
    "id": 25,
    "name": "condition",
    "manufacturer": "Chambers, Levy and Brown",
    "notes": "Suddenly garden economy others kind company likely improve.",
    "quantity": null,
    "minQuantity": 9,
    "inventory": 3,
    "history_date": "2021-06-04T20:44:29.407Z",
    "history_change_reason": "",
    "history_type": "+",
    "history_user": null
  }
},
{
  "model": "api.historicalitem",
  "pk": 13,
  "fields": {
    "id": 26,
    "name": "two",
    "manufacturer": "Lowery, Banks and Price",
    "notes": "Check real leader bad school name care several loss.",
    "quantity": null,
    "minQuantity": 9,
    "inventory": 11,
    "history_date": "2021-06-04T20:44:29.407Z",
    "history_change_reason": "",
    "history_type": "+",
    "history_user": null
  }
},
{
  "model": "api.historicalitem",
  "pk": 14,
  "fields": {
    "id": 27,
    "name": "field",
    "manufacturer": "Howard, Arroyo and Schultz",
    "notes": "Car financial security stock ball organization recognize civil development large report purpose themselves.",
    "quantity": null,
    "minQuantity": 0,
    "inventory": 10,
    "history_date": "2021-06-04T20:44:29.407Z",
    "history_change_reason": "",
    "history_type": "+",
    "history_user": null
  }
},
{
  "model": "api.historicalitem",
  "pk": 15,
  "fields": {
    "id": 28,
    "name": "interest",
    "manufacturer": "Bradley, Barton and Fletcher",
    "notes": "Knowledge else citizen month maintain no sense this.",
    "quantity": null,
    "minQuantity": 7,
    "inventory": 12,
    "history_date": "2021-06-04T20:44:29.407Z",
    "history_change_reason": "",
    "history_type": "+",
    "history_user": null
  }
},
{
  "model": "api.historicalitem",
  "pk": 16,
  "fields": {
    "id": 29,
    "name": "gas",
    "manufacturer": "Monroe-Williams",
    "notes": "Could yourself plan base rise would I question first degree response.",
    "quantity": null,
    "minQuantity": 0,
    "inventory": 12,
    "history_date": "2021-06-04T20:44:29.407Z",
    "history_change_reason": "",
    "history_type": "+",
    "history_user": null
  }
},
{
  "model": "api.historicalitem",
  "pk": 17,
  "fields": {
    "id": 30,
    "name": "test",
    "manufacturer": "Rice, Davis and Wilson",
    "notes": "Them evidence without beyond take however ball ever.",
    "quantity": null,
    "minQuantity": 7,
    "inventory": 13,
    "history_date": "2021-06-04T20:44:29.407Z",
    "history_change_reason": "",
    "history_type": "+",
    "history_user": null
  }
},
{
  "model": "api.historicalitem",
  "pk": 18,
  "fields": {
    "id": 31,
    "name": "such",
    "manufacturer": "Callahan and Sons",
    "notes": "Stage population boy child surface amount day employee fire happen nothing support.",
    "quantity": null,
    "minQuantity": 9,
    "inventory": 13,
    "history_date": "2021-06-04T20:44:29.407Z",
    "history_change_reason": "",
    "history_type": "+",
    "history_user": null
  }
},
{
  "model": "api.historicalitem",
  "pk": 19,
  "fields": {
    "id": 32,
    "name": "reality",
    "manufacturer": "Joseph-Orr",
    "notes": "Head Mrs debate onto across character four smile responsibility full per.",
    "quantity": null,
    "minQuantity": 0,
    "inventory": 10,
    "history_date": "2021-06-04T20:44:29.407Z",
    "history_change_reason": "",
    "history_type": "+",
    "history_user": null
  }
},
{
  "model": "api.historicalitem",
  "pk": 20,
  "fields": {
    "id": 33,
    "name": "expect",
    "manufacturer": "Hernandez PLC",
    "notes": "Guess writer can boy room value film tax rock.",
    "quantity": null,
    "minQuantity": 4,
    "inventory": 14,
    "history_date": "2021-06-04T20:44:29.407Z",
    "history_change_reason": "",
    "history_type": "+",
    "history_user": null
  }
},
{
  "model": "api.historicalitem",
  "pk": 21,
  "fields": {
    "id": 3,
    "name": "Testing api again",
    "manufacturer": "random manufacturer",
    "notes": "hello",
    "quantity": 16,
    "minQuantity": 4,
    "inventory": 2,
    "history_date": "2021-06-05T20:46:37.072Z",
    "history_change_reason": null,
    "history_type": "~",
    "history_user": [
      "jon"
    ]
  }
},
{
  "model": "api.historicalitem",
  "pk": 22,
  "fields": {
    "id": 3,
    "name": "Testing api again!",
    "manufacturer": "random manufacturer",
    "notes": "hello",
    "quantity": 16,
    "minQuantity": 4,
    "inventory": 2,
    "history_date": "2021-06-05T20:47:12.917Z",
    "history_change_reason": null,
    "history_type": "~",
    "history_user": [
      "jon"
    ]
  }
},
{
  "model": "api.historicalitem",
  "pk": 23,
  "fields": {
    "id": 3,
    "name": "Testing api again!",
    "manufacturer": "random manufacturer",
    "notes": "hello",
    "quantity": 18,
    "minQuantity": 4,
    "inventory": 2,
    "history_date": "2021-06-05T20:54:07.413Z",
    "history_change_reason": "Increase by 2",
    "history_type": "~",
    "history_user": [
      "jon"
    ]
  }
},
{
  "model": "api.historicalitem",
  "pk": 24,
  "fields": {
    "id": 3,
    "name": "Testing api again!",
    "manufacturer": "random manufacturer",
    "notes": "hello",
    "quantity": 18,
    "minQuantity": 4,
    "inventory": 2,
    "history_date": "2021-06-05T21:07:03.452Z",
    "history_change_reason": null,
    "history_type": "~",
    "history_user": [
      "jon"
    ]
  }
},
{
  "model": "api.historicalitem",
  "pk": 25,
  "fields": {
    "id": 3,
    "name": "Testing api again!",
    "manufacturer": "random manufacturer",
    "notes": "hello",
    "quantity": 15,
    "minQuantity": 4,
    "inventory": 2,
    "history_date": "2021-06-05T21:10:19.985Z",
    "history_change_reason": "Decrease by 3",
    "history_type": "~",
    "history_user": [
      "jon"
    ]
  }
},
{
  "model": "api.historicalitem",
  "pk": 26,
  "fields": {
    "id": 3,
    "name": "Testing api again!",
    "manufacturer": "random manufacturer",
    "notes": "hello",
    "quantity": 14,
    "minQuantity": 4,
    "inventory": 2,
    "history_date": "2021-06-06T19:20:27.256Z",
    "history_change_reason": "Decrease by 1",
    "history_type": "~",
    "history_user": [
      "jon"
    ]
  }
},
{
  "model": "api.historicalitem",
  "pk": 27,
  "fields": {
    "id": 3,
    "name": "Testing api again!",
    "manufacturer": "random manufacturer",
    "notes": "hello",
    "quantity": 16,
    "minQuantity": 4,
    "inventory": 2,
    "history_date": "2021-06-06T21:17:16.973Z",
    "history_change_reason": "Increase by 2",
    "history_type": "~",
    "history_user": [
      "jon"
    ]
  }
},
{
  "model": "api.historicalitem",
  "pk": 28,
  "fields": {
    "id": 3,
    "name": "Testing api again!",
    "manufacturer": "random manufacturer",
    "notes": "hello",
    "quantity": 13,
    "minQuantity": 4,
    "inventory": 2,
    "history_date": "2021-06-06T21:33:52.376Z",
    "history_change_reason": "Decrease by 3",
    "history_type": "~",
    "history_user": [
      "jon"
    ]
  }
},
{
  "model": "api.historicalitem",
  "pk": 29,
  "fields": {
    "id": 3,
    "name": "Testing api again!",
    "manufacturer": "random manufacturer",
    "notes": "hello",
    "quantity": 11,
    "minQuantity": 4,
    "inventory": 2,
    "history_date": "2021-06-06T21:34:49.774Z",
    "history_change_reason": "Decrease by 2",
    "history_type": "~",
    "history_user": [
      "jon"
    ]
  }
},
{
  "model": "api.historicalitem",
  "pk": 30,
  "fields": {
    "id": 7,
    "name": "play",
    "manufacturer": "Jones, Martinez and Lopez",
    "notes": "Build before street break painting create wife responsibility look road article quickly name.",
    "quantity": 10,
    "minQuantity": 9,
    "inventory": 2,
    "history_date": "2021-06-08T17:36:21.218Z",
    "history_change_reason": "Increase by 10",
    "history_type": "~",
    "history_user": [
      "jon"
    ]
  }
},
{
  "model": "api.historicalitem",
  "pk": 31,
  "fields": {
    "id": 7,
    "name": "play",
    "manufacturer": "Jones, Martinez and Lopez",
    "notes": "Build before street break painting create wife responsibility look road article quickly name.",
    "quantity": 7,
    "minQuantity": 9,
    "inventory": 2,
    "history_date": "2021-06-08T17:40:25.612Z",
    "history_change_reason": "Decrease by 3",
    "history_type": "~",
    "history_user": [
      "jon"
    ]
  }
},
{
  "model": "api.historicalitem",
  "pk": 32,
  "fields": {
    "id": 3,
    "name": "Testing api again!",
    "manufacturer": "random manufacturer",
    "notes": "hello",
    "quantity": 10,
    "minQuantity": 4,
    "inventory": 2,
    "history_date": "2021-06-08T17:45:20.632Z",
    "history_change_reason": "Decrease by 1",
    "history_type": "~",
    "history_user": [
      "jon"
    ]
  }
},
{
  "model": "api.historicalitem",
  "pk": 33,
  "fields": {
    "id": 34,
    "name": "Testing api",
    "manufacturer": "testing",
    "notes": "testing ntoes",
    "quantity": 0,
    "minQuantity": 4,
    "inventory": 2,
    "history_date": "2021-06-08T18:47:11.986Z",
    "history_change_reason": null,
    "history_type": "+",
    "history_user": [
      "jon"
    ]
  }
},
{
  "model": "api.historicalitem",
  "pk": 34,
  "fields": {
    "id": 3,
    "name": "Testing api again",
    "manufacturer": "random manufacturer",
    "notes": "hello",
    "quantity": 10,
    "minQuantity": 4,
    "inventory": 2,
    "history_date": "2021-06-08T18:50:30.323Z",
    "history_change_reason": null,
    "history_type": "~",
    "history_user": [
      "jon"
    ]
  }
},
{
  "model": "api.item",
  "pk": 3,
  "fields": {
    "inventory": 2,
    "name": "Testing api again",
    "manufacturer": "random manufacturer",
    "notes": "hello",
    "quantity": 10,
    "minQuantity": 4
  }
},
{
  "model": "api.item",
  "pk": 4,
  "fields": {
    "inventory": 3,
    "name": "success",
    "manufacturer": "Stewart-Allen",
    "notes": "Country cost party prevent live bed serious theory.",
    "quantity": 0,
    "minQuantity": 0
  }
},
{
  "model": "api.item",
  "pk": 7,
  "fields": {
    "inventory": 2,
    "name": "play",
    "manufacturer": "Jones, Martinez and Lopez",
    "notes": "Build before street break painting create wife responsibility look road article quickly name.",
    "quantity": 7,
    "minQuantity": 9
  }
},
{
  "model": "api.item",
  "pk": 14,
  "fields": {
    "inventory": 3,
    "name": "test",
    "manufacturer": "Rice, Davis and Wilson",
    "notes": "Them evidence without beyond take however ball ever.",
    "quantity": 0,
    "minQuantity": 7
  }
},
{
  "model": "api.item",
  "pk": 17,
  "fields": {
    "inventory": 3,
    "name": "expect",
    "manufacturer": "Hernandez PLC",
    "notes": "Guess writer can boy room value film tax rock.",
    "quantity": 0,
    "minQuantity": 4
  }
},
{
  "model": "api.item",
  "pk": 19,
  "fields": {
    "inventory": 3,
    "name": "ok",
    "manufacturer": "Mann-Kelley",
    "notes": "Data son natural explain before something first drug contain start almost wonder.",
    "quantity": 0,
    "minQuantity": 4
  }
},
{
  "model": "api.item",
  "pk": 20,
  "fields": {
    "inventory": 3,
    "name": "maybe",
    "manufacturer": "Davis and Sons",
    "notes": "Type successful together type music hospital relate.",
    "quantity": 0,
    "minQuantity": 4
  }
},
{
  "model": "api.item",
  "pk": 21,
  "fields": {
    "inventory": 11,
    "name": "nearly",
    "manufacturer": "Atkinson Ltd",
    "notes": "Stay information every manage political record word group food break onto friend couple.",
    "quantity": 0,
    "minQuantity": 0
  }
},
{
  "model": "api.item",
  "pk": 22,
  "fields": {
    "inventory": 13,
    "name": "sign",
    "manufacturer": "Wilson-Robinson",
    "notes": "Forward staff beyond chair recently and off travel.",
    "quantity": 0,
    "minQuantity": 8
  }
},
{
  "model": "api.item",
  "pk": 23,
  "fields": {
    "inventory": 12,
    "name": "play",
    "manufacturer": "Jones, Martinez and Lopez",
    "notes": "Build before street break painting create wife responsibility look road article quickly name.",
    "quantity": 0,
    "minQuantity": 9
  }
},
{
  "model": "api.item",
  "pk": 24,
  "fields": {
    "inventory": 13,
    "name": "blood",
    "manufacturer": "Jones-Jones",
    "notes": "Go Congress mean always beyond write current grow rule.",
    "quantity": 0,
    "minQuantity": 9
  }
},
{
  "model": "api.item",
  "pk": 25,
  "fields": {
    "inventory": 3,
    "name": "condition",
    "manufacturer": "Chambers, Levy and Brown",
    "notes": "Suddenly garden economy others kind company likely improve.",
    "quantity": 0,
    "minQuantity": 9
  }
},
{
  "model": "api.item",
  "pk": 26,
  "fields": {
    "inventory": 11,
    "name": "two",
    "manufacturer": "Lowery, Banks and Price",
    "notes": "Check real leader bad school name care several loss.",
    "quantity": 0,
    "minQuantity": 9
  }
},
{
  "model": "api.item",
  "pk": 27,
  "fields": {
    "inventory": 10,
    "name": "field",
    "manufacturer": "Howard, Arroyo and Schultz",
    "notes": "Car financial security stock ball organization recognize civil development large report purpose themselves.",
    "quantity": 0,
    "minQuantity": 0
  }
},
{
  "model": "api.item",
  "pk": 28,
  "fields": {
    "inventory": 12,
    "name": "interest",
    "manufacturer": "Bradley, Barton and Fletcher",
    "notes": "Knowledge else citizen month maintain no sense this.",
    "quantity": 0,
    "minQuantity": 7
  }
},
{
  "model": "api.item",
  "pk": 29,
  "fields": {
    "inventory": 12,
    "name": "gas",
    "manufacturer": "Monroe-Williams",
    "notes": "Could yourself plan base rise would I question first degree response.",
    "quantity": 0,
    "minQuantity": 0
  }
},
{
  "model": "api.item",
  "pk": 30,
  "fields": {
    "inventory": 13,
    "name": "test",
    "manufacturer": "Rice, Davis and Wilson",
    "notes": "Them evidence without beyond take however ball ever.",
    "quantity": 0,
    "minQuantity": 7
  }
},
{
  "model": "api.item",
  "pk": 31,
  "fields": {
    "inventory": 13,
    "name": "such",
    "manufacturer": "Callahan and Sons",
    "notes": "Stage population boy child surface amount day employee fire happen nothing support.",
    "quantity": 0,
    "minQuantity": 9
  }
},
{
  "model": "api.item",
  "pk": 32,
  "fields": {
    "inventory": 10,
    "name": "reality",
    "manufacturer": "Joseph-Orr",
    "notes": "Head Mrs debate onto across character four smile responsibility full per.",
    "quantity": 0,
    "minQuantity": 0
  }
},
{
  "model": "api.item",
  "pk": 33,
  "fields": {
    "inventory": 14,
    "name": "expect",
    "manufacturer": "Hernandez PLC",
    "notes": "Guess writer can boy room value film tax rock.",
    "quantity": 0,
    "minQuantity": 4
  }
},
{
  "model": "api.item",
  "pk": 34,
  "fields": {
    "inventory": 2,
    "name": "Testing api",
    "manufacturer": "testing",
    "notes": "testing ntoes",
    "quantity": 0,
    "minQuantity": 4
  }
},
{
  "model": "api.historicalitembatch",
  "pk": 1,
  "fields": {
    "id": 3,
    "expiryDate": "2021-06-21",
    "quantity": 5,
    "item": 3,
    "history_date": "2021-06-04T20:44:29.378Z",
    "history_change_reason": "",
    "history_type": "+",
    "history_user": null
  }
},
{
  "model": "api.historicalitembatch",
  "pk": 2,
  "fields": {
    "id": 4,
    "expiryDate": "2021-06-24",
    "quantity": 6,
    "item": 3,
    "history_date": "2021-06-04T20:44:29.378Z",
    "history_change_reason": "",
    "history_type": "+",
    "history_user": null
  }
},
{
  "model": "api.historicalitembatch",
  "pk": 3,
  "fields": {
    "id": 5,
    "expiryDate": "2021-06-24",
    "quantity": 7,
    "item": 3,
    "history_date": "2021-06-04T20:44:29.378Z",
    "history_change_reason": "",
    "history_type": "+",
    "history_user": null
  }
},
{
  "model": "api.historicalitembatch",
  "pk": 4,
  "fields": {
    "id": 6,
    "expiryDate": "2021-06-17",
    "quantity": 3,
    "item": 3,
    "history_date": "2021-06-04T20:44:29.378Z",
    "history_change_reason": "",
    "history_type": "+",
    "history_user": null
  }
},
{
  "model": "api.historicalitembatch",
  "pk": 5,
  "fields": {
    "id": 3,
    "expiryDate": "2021-06-21",
    "quantity": 1,
    "item": 3,
    "history_date": "2021-06-05T01:59:07.025Z",
    "history_change_reason": null,
    "history_type": "~",
    "history_user": [
      "jon"
    ]
  }
},
{
  "model": "api.historicalitembatch",
  "pk": 6,
  "fields": {
    "id": 5,
    "expiryDate": "2021-06-24",
    "quantity": 6,
    "item": 3,
    "history_date": "2021-06-05T02:44:26.650Z",
    "history_change_reason": null,
    "history_type": "~",
    "history_user": [
      "jon"
    ]
  }
},
{
  "model": "api.historicalitembatch",
  "pk": 7,
  "fields": {
    "id": 3,
    "expiryDate": "2021-06-21",
    "quantity": 2,
    "item": 3,
    "history_date": "2021-06-05T20:52:33.998Z",
    "history_change_reason": null,
    "history_type": "~",
    "history_user": [
      "jon"
    ]
  }
},
{
  "model": "api.historicalitembatch",
  "pk": 8,
  "fields": {
    "id": 3,
    "expiryDate": "2021-06-21",
    "quantity": 3,
    "item": 3,
    "history_date": "2021-06-05T20:54:07.375Z",
    "history_change_reason": null,
    "history_type": "~",
    "history_user": [
      "jon"
    ]
  }
},
{
  "model": "api.historicalitembatch",
  "pk": 9,
  "fields": {
    "id": 3,
    "expiryDate": "2021-06-21",
    "quantity": 0,
    "item": 3,
    "history_date": "2021-06-05T21:10:19.954Z",
    "history_change_reason": null,
    "history_type": "-",
    "history_user": [
      "jon"
    ]
  }
},
{
  "model": "api.historicalitembatch",
  "pk": 10,
  "fields": {
    "id": 4,
    "expiryDate": "2021-06-24",
    "quantity": 5,
    "item": 3,
    "history_date": "2021-06-06T19:20:26.479Z",
    "history_change_reason": null,
    "history_type": "~",
    "history_user": [
      "jon"
    ]
  }
},
{
  "model": "api.historicalitembatch",
  "pk": 11,
  "fields": {
    "id": 7,
    "expiryDate": "2021-06-26",
    "quantity": 2,
    "item": 3,
    "history_date": "2021-06-06T21:17:16.971Z",
    "history_change_reason": null,
    "history_type": "+",
    "history_user": [
      "jon"
    ]
  }
},
{
  "model": "api.historicalitembatch",
  "pk": 12,
  "fields": {
    "id": 4,
    "expiryDate": "2021-06-24",
    "quantity": 3,
    "item": 3,
    "history_date": "2021-06-06T21:32:27.959Z",
    "history_change_reason": null,
    "history_type": "~",
    "history_user": [
      "jon"
    ]
  }
},
{
  "model": "api.historicalitembatch",
  "pk": 13,
  "fields": {
    "id": 6,
    "expiryDate": "2021-06-17",
    "quantity": 2,
    "item": 3,
    "history_date": "2021-06-06T21:33:52.338Z",
    "history_change_reason": null,
    "history_type": "~",
    "history_user": [
      "jon"
    ]
  }
},
{
  "model": "api.historicalitembatch",
  "pk": 14,
  "fields": {
    "id": 6,
    "expiryDate": "2021-06-17",
    "quantity": 0,
    "item": 3,
    "history_date": "2021-06-06T21:34:49.625Z",
    "history_change_reason": null,
    "history_type": "-",
    "history_user": [
      "jon"
    ]
  }
},
{
  "model": "api.historicalitembatch",
  "pk": 15,
  "fields": {
    "id": 8,
    "expiryDate": "2021-06-30",
    "quantity": 5,
    "item": 7,
    "history_date": "2021-06-08T17:23:59.019Z",
    "history_change_reason": null,
    "history_type": "+",
    "history_user": [
      "jon"
    ]
  }
},
{
  "model": "api.historicalitembatch",
  "pk": 16,
  "fields": {
    "id": 9,
    "expiryDate": "2021-06-25",
    "quantity": 5,
    "item": 7,
    "history_date": "2021-06-08T17:36:21.180Z",
    "history_change_reason": null,
    "history_type": "+",
    "history_user": [
      "jon"
    ]
  }
},
{
  "model": "api.historicalitembatch",
  "pk": 17,
  "fields": {
    "id": 8,
    "expiryDate": "2021-06-30",
    "quantity": 2,
    "item": 7,
    "history_date": "2021-06-08T17:40:25.573Z",
    "history_change_reason": null,
    "history_type": "~",
    "history_user": [
      "jon"
    ]
  }
},
{
  "model": "api.historicalitembatch",
  "pk": 18,
  "fields": {
    "id": 4,
    "expiryDate": "2021-06-24",
    "quantity": 2,
    "item": 3,
    "history_date": "2021-06-08T17:45:20.609Z",
    "history_change_reason": null,
    "history_type": "~",
    "history_user": [
      "jon"
    ]
  }
},
{
  "model": "api.itembatch",
  "pk": 4,
  "fields": {
    "item": 3,
    "expiryDate": "2021-06-24",
    "quantity": 2
  }
},
{
  "model": "api.itembatch",
  "pk": 5,
  "fields": {
    "item": 3,
    "expiryDate": "2021-06-24",
    "quantity": 6
  }
},
{
  "model": "api.itembatch",
  "pk": 7,
  "fields": {
    "item": 3,
    "expiryDate": "2021-06-26",
    "quantity": 2
  }
},
{
  "model": "api.itembatch",
  "pk": 8,
  "fields": {
    "item": 7,
    "expiryDate": "2021-06-30",
    "quantity": 2
  }
},
{
  "model": "api.itembatch",
  "pk": 9,
  "fields": {
    "item": 7,
    "expiryDate": "2021-06-25",
    "quantity": 5
  }
},
{
  "model": "api.itemorder",
  "pk": 1,
  "fields": {
    "item": 3,
    "orderRequester": [
      "jon"
    ],
    "quantityRequired": 5,
    "dateNeededBy": "2021-06-23",
    "notes": "testing"
  }
},
{
  "model": "api.itemorder",
  "pk": 2,
  "fields": {
    "item": 3,
    "orderRequester": [
      "jon"
    ],
    "quantityRequired": 4,
    "dateNeededBy": "2021-06-24",
    "notes": "anohter test"
  }
},
{
  "model": "api.itemorder",
  "pk": 3,
  "fields": {
    "item": 3,
    "orderRequester": [
      "jon"
    ],
    "quantityRequired": 3,
    "dateNeededBy": "2021-06-18",
    "notes": "no"
  }
},
{
  "model": "api.itemorder",
  "pk": 4,
  "fields": {
    "item": 7,
    "orderRequester": [
      "jon"
    ],
    "quantityRequired": 5,
    "dateNeededBy": "2021-06-25",
    "notes": "N/a"
  }
},
{
  "model": "admin.logentry",
  "pk": 1,
  "fields": {
    "action_time": "2021-05-27T20:34:53.594Z",
    "user": [
      "jon"
    ],
    "content_type": [
      "api",
      "lab"
    ],
    "object_id": "5",
    "object_repr": "drive intuitive methodologies",
    "action_flag": 3,
    "change_message": ""
  }
},
{
  "model": "admin.logentry",
  "pk": 2,
  "fields": {
    "action_time": "2021-05-27T20:34:53.600Z",
    "user": [
      "jon"
    ],
    "content_type": [
      "api",
      "lab"
    ],
    "object_id": "4",
    "object_repr": "drive intuitive methodologies",
    "action_flag": 3,
    "change_message": ""
  }
},
{
  "model": "admin.logentry",
  "pk": 3,
  "fields": {
    "action_time": "2021-05-27T20:34:53.605Z",
    "user": [
      "jon"
    ],
    "content_type": [
      "api",
      "lab"
    ],
    "object_id": "3",
    "object_repr": "drive intuitive methodologies",
    "action_flag": 3,
    "change_message": ""
  }
},
{
  "model": "admin.logentry",
  "pk": 4,
  "fields": {
    "action_time": "2021-05-27T20:34:53.610Z",
    "user": [
      "jon"
    ],
    "content_type": [
      "api",
      "lab"
    ],
    "object_id": "2",
    "object_repr": "drive intuitive methodologies",
    "action_flag": 3,
    "change_message": ""
  }
},
{
  "model": "admin.logentry",
  "pk": 5,
  "fields": {
    "action_time": "2021-05-27T20:34:53.615Z",
    "user": [
      "jon"
    ],
    "content_type": [
      "api",
      "lab"
    ],
    "object_id": "1",
    "object_repr": "drive intuitive methodologies",
    "action_flag": 3,
    "change_message": ""
  }
},
{
  "model": "admin.logentry",
  "pk": 6,
  "fields": {
    "action_time": "2021-05-28T20:13:32.940Z",
    "user": [
      "jon"
    ],
    "content_type": [
      "api",
      "lab"
    ],
    "object_id": "8",
    "object_repr": "transition clicks-and-mortar e-business",
    "action_flag": 2,
    "change_message": "[{\"changed\": {\"fields\": [\"Members\"]}}]"
  }
},
{
  "model": "admin.logentry",
  "pk": 7,
  "fields": {
    "action_time": "2021-05-28T20:13:50.298Z",
    "user": [
      "jon"
    ],
    "content_type": [
      "api",
      "lab"
    ],
    "object_id": "7",
    "object_repr": "engage compelling systems",
    "action_flag": 2,
    "change_message": "[{\"changed\": {\"fields\": [\"Members\"]}}]"
  }
},
{
  "model": "admin.logentry",
  "pk": 8,
  "fields": {
    "action_time": "2021-05-30T17:23:00.812Z",
    "user": [
      "jon"
    ],
    "content_type": [
      "api",
      "inventory"
    ],
    "object_id": "15",
    "object_repr": "Testing",
    "action_flag": 3,
    "change_message": ""
  }
},
{
  "model": "admin.logentry",
  "pk": 9,
  "fields": {
    "action_time": "2021-05-30T17:36:27.032Z",
    "user": [
      "jon"
    ],
    "content_type": [
      "api",
      "inventory"
    ],
    "object_id": "16",
    "object_repr": "Testing new inventory",
    "action_flag": 3,
    "change_message": ""
  }
},
{
  "model": "admin.logentry",
  "pk": 10,
  "fields": {
    "action_time": "2021-05-31T16:03:13.954Z",
    "user": [
      "jon"
    ],
    "content_type": [
      "api",
      "lab"
    ],
    "object_id": "8",
    "object_repr": "transition clicks-and-mortar e-business",
    "action_flag": 2,
    "change_message": "[{\"changed\": {\"fields\": [\"Members\"]}}]"
  }
},
{
  "model": "admin.logentry",
  "pk": 11,
  "fields": {
    "action_time": "2021-06-02T22:00:33.578Z",
    "user": [
      "jon"
    ],
    "content_type": [
      "api",
      "itembatch"
    ],
    "object_id": "2",
    "object_repr": "ItemBatch object (2)",
    "action_flag": 3,
    "change_message": ""
  }
},
{
  "model": "admin.logentry",
  "pk": 12,
  "fields": {
    "action_time": "2021-06-02T22:00:33.606Z",
    "user": [
      "jon"
    ],
    "content_type": [
      "api",
      "itembatch"
    ],
    "object_id": "1",
    "object_repr": "ItemBatch object (1)",
    "action_flag": 3,
    "change_message": ""
  }
},
{
  "model": "admin.logentry",
  "pk": 13,
  "fields": {
    "action_time": "2021-06-06T21:17:16.974Z",
    "user": [
      "jon"
    ],
    "content_type": [
      "api",
      "itembatch"
    ],
    "object_id": "7",
    "object_repr": "ItemBatch object (7)",
    "action_flag": 1,
    "change_message": "[{\"added\": {}}]"
  }
},
{
  "model": "admin.logentry",
  "pk": 14,
  "fields": {
    "action_time": "2021-06-08T23:47:04.538Z",
    "user": [
      "jon"
    ],
    "content_type": [
      "api",
      "lab"
    ],
    "object_id": "10",
    "object_repr": "testing new lab",
    "action_flag": 3,
    "change_message": ""
  }
},
{
  "model": "admin.logentry",
  "pk": 15,
  "fields": {
    "action_time": "2021-06-08T23:47:04.544Z",
    "user": [
      "jon"
    ],
    "content_type": [
      "api",
      "lab"
    ],
    "object_id": "9",
    "object_repr": "testing new lab",
    "action_flag": 3,
    "change_message": ""
  }
},
{
  "model": "admin.logentry",
  "pk": 16,
  "fields": {
    "action_time": "2021-06-08T23:48:51.338Z",
    "user": [
      "jon"
    ],
    "content_type": [
      "api",
      "lab"
    ],
    "object_id": "11",
    "object_repr": "testing new lab",
    "action_flag": 3,
    "change_message": ""
  }
},
{
  "model": "admin.logentry",
  "pk": 17,
  "fields": {
    "action_time": "2021-06-09T00:00:29.878Z",
    "user": [
      "jon"
    ],
    "content_type": [
      "api",
      "lab"
    ],
    "object_id": "12",
    "object_repr": "testnewlab",
    "action_flag": 3,
    "change_message": ""
  }
}
]
